{
    "sine_wave.1_0": {
        "sounds": [
            {
                "name": "1_0",
                "preload": true
            }
        ]
    },
    "sine_wave.n1_0": {
        "sounds": [
            {
                "name": "n1_0",
                "preload": true
            }
        ]
    },
    "sine_wave.4_0": {
        "sounds": [
            {
                "name": "4_0",
                "preload": true
            }
        ]
    },
    "sine_wave.n4_0": {
        "sounds": [
            {
                "name": "n4_0",
                "preload": true
            }
        ]
    },
    "sine_wave.16_0": {
        "sounds": [
            {
                "name": "16_0",
                "preload": true
            }
        ]
    },
    "sine_wave.n16_0": {
        "sounds": [
            {
                "name": "n16_0",
                "preload": true
            }
        ]
    },
    "sine_wave.64_0": {
        "sounds": [
            {
                "name": "64_0",
                "preload": true
            }
        ]
    },
    "sine_wave.n64_0": {
        "sounds": [
            {
                "name": "n64_0",
                "preload": true
            }
        ]
    },
    "sine_wave.256_0": {
        "sounds": [
            {
                "name": "256_0",
                "preload": true
            }
        ]
    },
    "sine_wave.n256_0": {
        "sounds": [
            {
                "name": "n256_0",
                "preload": true
            }
        ]
    },
    "sine_wave.1024_0": {
        "sounds": [
            {
                "name": "1024_0",
                "preload": true
            }
        ]
    },
    "sine_wave.n1024_0": {
        "sounds": [
            {
                "name": "n1024_0",
                "preload": true
            }
        ]
    },
    "sine_wave.4096_0": {
        "sounds": [
            {
                "name": "4096_0",
                "preload": true
            }
        ]
    },
    "sine_wave.n4096_0": {
        "sounds": [
            {
                "name": "n4096_0",
                "preload": true
            }
        ]
    },
    "sine_wave.16384_0": {
        "sounds": [
            {
                "name": "16384_0",
                "preload": true
            }
        ]
    },
    "sine_wave.n16384_0": {
        "sounds": [
            {
                "name": "n16384_0",
                "preload": true
            }
        ]
    }
}